IngredientID,Name
544,lemongrass
545,lentils
546,lettuce
547,lime
548,lime cordial
549,lime juice
550,lime leaves
551,lime pickle
552,ling
553,lingonberry
554,linguine
555,liqueur
556,liquorice
557,little Gem lettuce
558,liver
559,loaf cake
560,lobster
561,loganberry
562,long-grain rice
563,lovage
564,lychee
565,macadamia
566,macaroni
567,macaroon
568,mace
569,mackerel
570,madeira
571,madeira cake
572,madeleines
573,maize
574,malted grain bread
575,manchego
576,mandarin
577,mangetout
578,mango
579,mango chutney
580,mango juice
581,mango pickle
582,mangosteen
583,maple syrup
584,margarine
585,marjoram
586,marmalade
587,marrow
588,marrowfat peas
589,marsala wine
590,marshmallow
591,marzipan
592,mascarpone
593,mashed potato
594,matzo
595,mayonnaise
596,medlars
597,megrim
598,melon
599,melon seeds
600,meringue
601,mesclun
602,milk
603,milk chocolate
604,milkshake
605,millet
606,millet flour
607,mince
608,mince pies
609,mincemeat
610,mint
611,mint sauce
612,mirepoix
613,mirin
614,miso
615,mixed berries
616,mixed dried beans
617,mixed fish
618,mixed nuts
619,mixed spice
620,mixed spices
621,molasses
622,monks beard
623,monkfish
624,morel
625,mortadella
626,mozzarella
627,muesli
628,muffins
629,mulberries
630,mulled wine
631,mung beans
632,mushroom
633,mussels
634,mustard
635,mustard cress
636,mustard leaves
637,mustard oil
638,mustard powder
639,mustard seeds
640,mutton
641,naan bread
642,nachos
643,nashi
644,nasturtium
645,nectarine
646,nettle
647,new potatoes
648,nibbed almonds
649,noodle soup
650,noodles
651,nori
652,nougat
653,nut
654,nutmeg
655,oatcakes
656,oatmeal
657,oats
658,octopus
659,offal
660,oil
661,oily fish
662,okra
663,olive
664,olive oil
665,onion
666,orange
667,orange juice
668,orange liqueur
669,oregano
670,ouzo
671,oxtail
672,oyster
673,oyster mushrooms
674,oyster sauce
675,paella
676,pak choi
677,palm sugar
678,pancakes
679,pancetta
680,pandan leaves
681,paneer
682,panettone
683,papaya
684,pappardelle
685,paprika
686,parfait
687,parmesan
688,parsley
689,parsnip
690,partridge
691,passata
692,passion fruit
693,passion fruit juice
694,pasta
695,pastrami
696,pastry
697,pasty
698,pâté
699,paw-paw
700,pea shoots
701,peach
702,peanut butter
703,peanut oil
704,peanuts
705,pear
706,pearl barley
707,peas
708,pecan
709,pecorino
710,pectin
711,peel
712,penne
713,pepper
714,peppercorn
715,pepperoni
716,perch
717,perry
718,pesto
719,pheasant
720,piccalilli
721,pickle
722,pickled onion
723,pie
724,pig cheeks
725,pigeon
726,pigeon peas
727,pike
728,pine nut
729,pineapple
730,pineapple juice
731,pink fir apple
732,pink peppercorn
733,pinto beans
734,piri-piri
735,pistachio
736,pitta bread
737,pizza
738,plaice
739,plain flour
740,plantain
741,plum
742,polenta
743,pollack
744,pollock
745,pomegranate
746,pomegranate juice
747,pomelo
748,popcorn
749,poppy seeds
750,porcini
751,pork
752,pork belly
753,pork chop
754,pork fillet
755,pork leg
756,pork loin
757,pork mince
758,pork sausages
759,pork shoulder
760,pork spare rib
761,port
762,portobello mushrooms
763,potato
764,potato rösti
765,potato wedges
766,poultry
767,poussin
768,praline
769,prawn
770,prawn crackers
771,preserved lemons
772,preserves
773,prosciutto
774,prune
775,prune juice
776,pudding rice
777,puff pastry
778,pulled pork
779,pumpernickel bread
780,pumpkin
781,pumpkin seed
782,purple sprouting broccoli
783,puy lentils
784,quail
785,quails egg
786,quark
787,quatre-épices
788,quince
789,quinoa
790,rabbit
791,rack of lamb
792,radicchio
793,radish
794,rainbow chard
795,rainbow trout
796,raisins
797,raita
798,rapeseed oil
799,ras-el-hanout
800,raspberry
801,raspberry jam
802,ratafia biscuits
803,ratatouille
804,red cabbage
805,red leicester
806,red lentil
807,red mullet
808,red onion
809,red rice
810,red snapper
811,red wine
812,red wine vinegar
813,redcurrant
814,redcurrant jelly
815,rennet
816,rhubarb
817,rib of beef
818,rice
819,rice flour
820,rice noodles
821,rice pudding
822,rice vinegar
823,rice wine
824,ricotta
825,rigatoni
826,risotto
827,risotto rice
828,roast beef
829,roast chicken
830,roast lamb
831,roast pork
832,roast potatoes
833,roast turkey
834,roasted vegetables
835,rock salmon
836,rock salt
837,rocket
838,root beer
839,root vegetable
840,roquefort
841,rose wine
842,rosehip syrup
843,rosemary
844,rosewater
845,rouille
846,royal icing
847,rum
848,rump
849,runner beans
850,rye bread
851,rye flour
852,safflower oil
853,saffron
854,sage
855,salad
856,salad cream
857,salad leaves
858,salami
859,salmon
860,salsa
861,salsify
862,salt
863,salt beef
864,salt cod
865,sambuca
866,samphire
867,sardine
868,satsuma
869,sauces
870,saucisson
871,sausage
872,savory
873,savoy cabbage
874,scallop
875,scotch bonnet chilli
876,scrag
877,sea bass
878,sea bream
879,sea salt
880,sea trout
881,seafood
882,seasoning
883,seaweed
884,seeds
885,self-raising flour
886,semolina
887,serrano ham
888,sesame oil
889,sesame seeds
890,seville orange
891,shallot
892,sharon fruit
893,shellfish
894,sherry
895,sherry vinegar
896,shiitake mushroom
897,shin
898,shortbread
899,shortcrust pastry
900,sichuan pepper
901,silverside
902,single cream
903,sirloin
904,skate
905,sloe
906,sloe gin
907,smoked cheese
908,smoked fish
909,smoked haddock
910,smoked mackerel
911,smoked salmon
912,smoked trout
913,snapper
914,soba noodles
915,soda
916,soda bread
917,sole
918,sorbet
919,sorrel
920,soup
921,sourdough bread
922,soured cream
923,soy sauce
924,soya beans
925,soya flour
926,soya milk
927,soya oil
928,spaghetti
929,spaghetti squash
930,sparkling wine
931,spelt
932,spelt flour
933,spices
934,spinach
935,split peas
936,sponge cake
937,spring greens
938,spring onion
939,spring roll wrappers
940,squash
941,squid
942,star anise
943,starfruit
944,steak
945,stem ginger
946,stew
947,stewing lamb
948,stilton
949,stock
950,straw mushroom
951,strawberry
952,strawberry jam
953,strega liqueur
954,string beans
955,strong white flour
956,stuffing
957,sucralose
958,suet
959,sugar
960,sugar-snap peas
961,sultanas
962,sumac
963,summer cabbage
964,summer fruit
965,sunflower oil
966,sunflower seed
967,sushi rice
968,swede
969,sweet potato
970,sweet sherry
971,sweetbread
972,sweetcorn
973,swiss chard
974,swiss rolls and roulades
975,swordfish
976,syrup
977,t-bone steak
978,tabasco
979,taco
980,tagliatelle
981,tahini
982,taleggio
983,tamari
984,tamarillo
985,tamarind
986,tangerine
987,tapenade
988,tapioca
989,taro
990,tarragon
991,tartare sauce
992,tayberry
993,tea
994,tempura
995,tequila
996,teriyaki
997,teriyaki sauce
998,terrine
999,thai basil
1000,thyme
1001,tilapia
1002,tinned tuna
1003,toffee
1004,tofu
1005,tomato
1006,tomato chutney
1007,tomato juice
1008,tomato purée
1009,tongue
1010,tonic
1011,topside
1012,tortellini
1013,tripe
1014,trout
1015,truffle
1016,truffle oil
1017,turbot
1018,turkey
1019,turkey breast
1020,turkey mince
1021,turkish delight
1022,turmeric
1023,turnip
1024,unleavened bread
1025,vacherin
1026,vanilla essence
1027,vanilla extract
1028,vanilla pod
1029,veal
1030,vegetable oil
1031,vegetable shortening
1032,vegetable stock
1033,vegetables
1034,vegetarian sausage
1035,venison
1036,verjus
1037,vermicelli
1038,vermouth
1039,vine leaves
1040,vinegar
1041,vodka
1042,vodka cocktail
1043,waffles
1044,walnut
1045,walnut oil
1046,wasabi
1047,water chestnut
1048,watercress
1049,watermelon
1050,waxy potato
1051,webbs lettuce
1052,wensleydale
1053,wheatgerm
1054,whelk
1055,whipping cream
1056,whisky
1057,whisky cocktail
1058,whisky liqueur
1059,white bread
1060,white cabbage
1061,white chocolate
1062,white fish
1063,white pepper
1064,white wine
1065,white wine vinegar
1066,whitebait
1067,whitecurrant
1068,whiting
1069,wholegrain mustard
1070,wholemeal bread
1071,wholemeal flour
1072,wild duck
1073,wild garlic
1074,wild mushrooms
1075,wild rice
1076,wine
1077,winkles
1078,wood pigeon
1079,worcestershire sauce
1080,wraps
1081,yam
1082,yeast
1083,yellow lentil
1084,yoghurt
1085,zander
1086,zest
